{"cameraMode":{"drawMode":0,"name":"Shaded","section":"Shading Mode"},"sceneLighting":false,"audioPlay":false,"sceneViewState":{"showFog":true,"showMaterialUpdate":false,"showSkybox":false,"showFlares":true,"showImageEffects":true,"showParticleSystems":true},"in2DMode":false,"pivot":{"x":-1.32470703125,"y":8.882590293884278,"z":-1.774296760559082},"rotation":{"x":-0.004625330679118633,"y":0.9266538619995117,"z":-0.011407315731048584,"w":-0.3757152557373047},"size":4.299996376037598,"orthographic":false}